{
  "embedding": {
    "method": "Pure Embedding Search",
    "accuracy": 0.26666666666666666,
    "precision": 0.3157894736842105,
    "recall": 0.4,
    "f1": 0.35294117647058826,
    "tp": 6,
    "fp": 13,
    "fn": 9,
    "tn": 2,
    "error_count": 22
  },
  "llm": {
    "method": "Direct LLM Analysis",
    "accuracy": 0.4,
    "precision": 0.4444444444444444,
    "recall": 0.8,
    "f1": 0.5714285714285714,
    "tp": 12,
    "fp": 15,
    "fn": 3,
    "tn": 0,
    "error_count": 18
  },
  "rag": {
    "method": "Standard RAG",
    "accuracy": 0.4,
    "precision": 0.44,
    "recall": 0.7333333333333333,
    "f1": 0.55,
    "tp": 11,
    "fp": 14,
    "fn": 4,
    "tn": 1,
    "error_count": 18
  },
  "hybrid_rag": {
    "method": "Hybrid RAG",
    "accuracy": 0.5,
    "precision": 0.5,
    "recall": 0.9333333333333333,
    "f1": 0.6511627906976745,
    "tp": 14,
    "fp": 14,
    "fn": 1,
    "tn": 1,
    "error_count": 15
  }
}